{"cameraMode":{"drawMode":0,"name":"Shaded","section":"Shading Mode"},"sceneLighting":false,"audioPlay":false,"sceneViewState":{"showFog":false,"showMaterialUpdate":false,"showSkybox":false,"showFlares":false,"showImageEffects":false,"showParticleSystems":false},"in2DMode":false,"pivot":{"x":102.00154876708985,"y":5.53000020980835,"z":47.852230072021487},"rotation":{"x":-0.11914261430501938,"y":0.40681907534599306,"z":-0.053858350962400439,"w":-0.904930055141449},"size":2.418107032775879,"orthographic":false}