{"cameraMode":{"drawMode":0,"name":"Shaded","section":"Shading Mode"},"sceneLighting":false,"audioPlay":false,"sceneViewState":{"showFog":true,"showMaterialUpdate":false,"showSkybox":false,"showFlares":true,"showImageEffects":true,"showParticleSystems":true},"in2DMode":false,"pivot":{"x":0.005367604084312916,"y":3.0049405097961427,"z":2.6859493255615236},"rotation":{"x":0.1082819476723671,"y":-0.3773239850997925,"z":0.044451143592596057,"w":0.9187380075454712},"size":1.0120084285736085,"orthographic":false}