{"cameraMode":{"drawMode":0,"name":"Shaded","section":"Shading Mode"},"sceneLighting":false,"audioPlay":false,"sceneViewState":{"showFog":false,"showMaterialUpdate":false,"showSkybox":false,"showFlares":false,"showImageEffects":false,"showParticleSystems":false},"in2DMode":false,"pivot":{"x":92.18698120117188,"y":3.6005659103393556,"z":58.08968734741211},"rotation":{"x":-0.12234391272068024,"y":0.21900205314159394,"z":-0.025651969015598298,"w":-0.9683215618133545},"size":5.223221778869629,"orthographic":false}