{"cameraMode":{"drawMode":0,"name":"Shaded","section":"Shading Mode"},"sceneLighting":true,"audioPlay":false,"sceneViewState":{"showFog":false,"showMaterialUpdate":false,"showSkybox":false,"showFlares":false,"showImageEffects":false,"showParticleSystems":false},"in2DMode":false,"pivot":{"x":100.0675048828125,"y":-0.2370147407054901,"z":48.686317443847659},"rotation":{"x":-0.04710879549384117,"y":0.9507392048835754,"z":-0.2132527083158493,"w":-0.22386422753334046},"size":15.367246627807618,"orthographic":false}