{"cameraMode":{"drawMode":0,"name":"Shaded","section":"Shading Mode"},"sceneLighting":false,"audioPlay":false,"sceneViewState":{"showFog":true,"showMaterialUpdate":true,"showSkybox":false,"showFlares":true,"showImageEffects":true,"showParticleSystems":true},"in2DMode":false,"pivot":{"x":121.29785919189453,"y":5.694124221801758,"z":59.92131805419922},"rotation":{"x":-0.2403232306241989,"y":-0.41026291251182558,"z":0.11313611268997193,"w":-0.8725854158401489},"size":14.275522232055664,"orthographic":false}