{"cameraMode":{"drawMode":0,"name":"Shaded","section":"Shading Mode"},"sceneLighting":false,"audioPlay":false,"sceneViewState":{"showFog":true,"showMaterialUpdate":false,"showSkybox":false,"showFlares":true,"showImageEffects":true,"showParticleSystems":true},"in2DMode":false,"pivot":{"x":1.1920928955078126e-7,"y":0.0,"z":-1.7881393432617188e-7},"rotation":{"x":-0.2884330451488495,"y":-0.10261053591966629,"z":0.03103909268975258,"w":-0.9515480399131775},"size":5.646477699279785,"orthographic":false}